Post,Average,index,human,AI
"Think of it like this: if you're the kid with the biggest social media following at school, you're not just a student anymore; you're like the school's walking news channel. Elon Musk isn't just some guy tweeting; he's like the head cheerleader of information where whatever he says can start a trend or end a business. But here's the twist: he's not the only one. On X, everyone with a phone can report what's happening, share their views, or even debunk rumors. Elon's rallying cry, 'You are the media now,' isn't just for him; it's for everyone with an X account. It's like saying, 'Hey, you with the phone, you've got the power to shape the conversation, just like any big news network.' So, when someone tells Elon he's not the media, it's like saying only the school newspaper can talkâ€¦",60.2,0,0,1
"The rise of fake news highlights the erosion of long-standing institutional bulwarks against misinformation in the internet age. Concern over the problem is global. However, much remains unknown regarding the vulnerabilities of individuals, institutions, and society to manipulations by malicious actors. A new system of safeguards is needed. X is the solution. Offering high quality and fast reporting, mainstream media can no longer compete with a global X system.",0.4,1,0,0
"CHINA'S NEW SPHERICAL POLICE ROBOT: CRIME-FIGHTER WITH AI China has introduced a revolutionary spherical police robot equipped with AI, capable of autonomous operation. Unlike Western models focused on surveillance, this robot actively pursues criminals. The high-tech bot navigates both smooth asphalt and rugged terrain, even surviving falls from heights to continue its mission. It immobilizes suspects by shooting nets and can reach speeds of up to 35 km/h, operating solo or in teams. Its tough exterior makes it nearly indestructible, marking a major leap in robotic law enforcement. Source: Pravda",8.0,2,0,0
"Regarding the Jay Z case and his efforts to silence my clients: Mr. Carter previously denied being the one who sued me and my firm. He filed his frivolous case under a pseudonym. What he fails to say in his recent statement is my firm sent his lawyer a demand letter on behalf of an alleged victim and that victim never demanded a penny from him. Instead, she only sought a confidential mediation. Since I sent the letter on her behalf, Mr. Carter has not only sued me, but he has tried to bully and harass me and this plaintiff. His conduct has had the opposite impact. She is emboldened. Iâ€™m very proud of her resolve.Â  As far as the allegations in the complaint filed, we will let the filing speak for itself and will litigate the facts in court, not in the media.",2.0,3,0,0
"It wasnâ€™t Trump vs. Harris. It was Trump vs. Legacy Media. It was Trump vs. Hollywood. It was Trump vs. Google. It was Trump vs. ChatGPT. It was Trump vs. Tyranny. It was Trump vs. Evil. It was Trump vs. Puppets. It was Trump vs. the Machine. And still, Trump won! ",2.0,4,1,0
"well, God did save his life. He has a little help with WE THE Ppl believed they & fought had lawyers at every voting place. It was amazing Elon in P.A. for 2 wks giving away million dollars every night ! ğŸ‡ºğŸ‡¸America fought hard for who they believed   Christians,, NRA, Truckers an amazing the youth and young adults kicked ass, but it was the people that got out that showed you their value and trump went to places no president ever did before. It was an amazing fight. I watched it all from my bedside because Iâ€™m bedridden right now I went to every rally on my TV and saw it all happened and watched YMCA became hit the pride. You watched it grow overnight and it was thrilling. It was the most exciting time. The most terrifying time our country has ever faced. Iâ€™m so proud of America the real Americans, President, Trump and Elon and all of We the People All voted and got people to the voting and registered him to vote. We fought like it was our last chance to survive and it was, and we did win. Now we have to finish the fight and get Joe Biden paralyzed in his will to destroy the country before he leaves office, he hast to be systematically paralyzed in his ability to utilize money. How can he spend money if Congress doesnâ€™t agree, and if Congress is agreeing, thatâ€™s who trump has to work with and thats effing crazy  !!!  America is in big trouble. The real Americans love our country! fought now we have to protect the last 30-40 days because heâ€™s destroying our country! Thereâ€™s got to be in the constitution a description how to take down the tyrant and a  pure traitor! he hast to be paralyzed in actions and ability to do anything till he leaves office because every day in office heâ€™s trying to more children or tortured and raped and traded to women tortured and raped and men is crazy and all our money is being given away to countries when we need it so bad people are still dying in North Carolina and also bodies missing in states around North Carolina! itâ€™s a nightmare in North Carolina. Itâ€™s a war and yeah, our president is destroying our country while eating other countries that there has to be a lot against president leaving Office thatâ€™s acting like a tyrant to our own country.",1.8,5,0,0
Facts! You gotta respect a family man who never took a paycheck for the love of his country and its people! No one else couldâ€™ve taken the abuse and continued to strive! He certainly didnâ€™t do it for the money or fame he already has that! The only answer is the love for his country and his people! ,10.25,6,0,0
"Indeed. And he didnâ€™t just win, he won BIGLY. America spoke with one unified voice behind a man who embodies everything America represents â€” courage, valor, the desire to be the very best in all that we do, the perseverance to get knocked down over and over and over again and still get up and FIGHTâ€¦",0.5,7,0,0
"Just appointed another whackadoodle to the cabinet of whackadoodles! Conspiracy theories, deep state MAGA maggots unite! We can all see thru the BS that MAGA & Project 2025 bring! It's like kindergartners are running the show! Great said nobody ever!",4.75,8,1,0
"Instead of fighting against so many things, why donâ€™t you fight for a Americans. Why donâ€™t you sit down with your Republican encounter parts and do whatâ€™s good for the people? Things like bring jobs back to the United States, reduce crime, reduce the national debt, stop the illegal flow of immigrants into this country. Do better.",17.25,9,0,1
"If only these were the things â€œprogressivesâ€ fought for, you wouldnâ€™t be the reason for the lost election! Progression isnâ€™t standing with terrorists, haters, and antisemites to fit their agenda. Progression isnâ€™t rewriting history to benefit the agenda of those haters! Progression isnâ€™t tolerating only the opinion of those who support your views. This kind of progression takes us to the Middle Ages instead of forward! This â€œprogressionâ€ is selective, discriminating, and the cause of Democrats the election! If I were you, I wouldnâ€™t be so proud to be the new chair!",4.8,10,0,0
"Internal conflicts in Pakistani society, which are particularly evident in Imran Khanâ€™s removal from office, then his imprisonment, and then failure to recognise his landslide victory in elections, are a great loss for Pakistan and Islamic world. A very sad situation indeed",0.0,11,0,0
"This has been a very eye-opening experience. I didnâ€™t realize how low our society had sunk, until groups of lunatics attacked me for my position on not assaÂ§Â§inating people on the street. I have anger at United Healthcare, but I canâ€™t justify barbarism. If he hadnâ€™t been a rich with guyâ€¦.ğŸ¤”",4.25,12,1,0
"If he was a pedophile, every right-wing commentator would be (rightfully) celebrating his murder. When the most evil people in the world die, it should be celebrated. If United Healthcare withheld lifesaving medication or surgery from your wife or child, you wouldn't be a man if you did nothing about it. Left or right, the shooter was a hero",22.25,13,0,0
"residents control government spending. When the government over spends, like sending an insane amount of money to Ukraine. It causes inflation. Which causes prices to go up. Which causes gas prices to go up. Also shutting down pipelines cause gas prices to go up. Biden did that.",0.0,14,1,0
I respect he resisted the planted anti Arab spring so cared about his people compared to what alternative was being pushed. He may have been awful but what alternatives were being pitched were worse. Just because etc has happened doesnâ€™t mean truth can or should be pressured.,0.0,15,0,0
"ğ”ğ’ ğ­ğ¨ ğğ«ğ¨ğ¯ğ¢ğğ ğ”ğ¤ğ«ğšğ¢ğ§ğ ğ°ğ¢ğ­ğ¡ $ğŸ ğğ¢ğ¥ğ¥ğ¢ğ¨ğ§ ğ¢ğ§ ğ–ğğšğ©ğ¨ğ§ğ¬ ğ€ğ¢ğ The United States announced a nearly $1 billion package of long-term military aid to Ukraine, bringing the total American support since the Russia-Ukraine invasion to over $62 billion. This latest package, part of the Ukraine Security Assistance Initiative, includes more drones and munitions for HIMARS, crucial for Ukraine's future defense but also aimed at bolstering their military capabilities in the ongoing conflict. According to Defense Secretary Lloyd Austin, this is a move driven by the Biden administrationâ€™s commitment to supporting Ukraine before President-elect Trump takes office, with questions surrounding his potential stance on continued support. The Biden administration seeks to maximize its remaining funding before the transition of power to ensure that Ukraine has the resources necessary to continue their fight against Russiaâ€™s aggression. This comes amid intense pressure from Russia's military escalation, including the deployment of North Korean troops and strikes on civilian infrastructure in Kyiv. The U.S. government is also urging European leaders and other nations to remain engaged and financially committed to supporting Ukraine during this critical period. Austin emphasized that this aid program will bolster long-term defense capabilities for Ukraine and that the U.S. remains committed to supporting democratic values and security worldwide. The decision follows a flurry of actions, including the transfer of $725 million in weapons from the Pentagonâ€™s stockpiles, which aimed to accelerate the delivery of critical military equipment. The Biden administration has been working closely with the Ukrainian government and allies to ensure efficient and targeted delivery of resources and support.",88.6,16,0,0
"Russia's war in Ukraine is hastening its decline. It failed to defend Assad in Syria. Ukraine can defeat Russia. We must continue to support Ukraine in every way possible. Ukrainians are fighting and dying to defend world freedom. China, Russia and North Korea must be stopped now",21.75,17,0,0
"Looks like the Biden administration the CIA and Ukraine toppled Syria government. The connection between Hayat Tahrir al-Sham (HTS) of Syria and Ukrainian intelligence has been a topic of discussion and speculation, particularly from Russian sources. Here's an overview based on available information: Allegations of Cooperation: Russian officials and media have claimed that Ukrainian intelligence, specifically the Defence Intelligence Directorate of Ukraine (GUR), has been involved in training HTS fighters in drone warfare and possibly coordinating military operations. These allegations include Ukrainian specialists teaching HTS how to manufacture drones themselves, aimed at conducting attacks against Russian forces in Syria. Denials and Contradictions: HTS has denied these allegations, describing them as part of a Russian disinformation campaign. Moreover, there are contradictions within Russian official statements regarding the extent and nature of any Ukrainian involvement in Syria. One source even suggested that Ukraine's military presence in Syria was minimal, focusing more on symbolic or psychological operations rather than direct military coordination. Geopolitical Context: These claims arise in the context of the broader geopolitical conflict involving Russia, Ukraine, and various actors in the Middle East. Ukrainian officials have hinted at engagements but downplayed significant involvement. The narrative suggests that Ukraine might seek to destabilize Russian operations globally, including in Syria, where Russia has a military presence supporting the Assad regime. Speculative Nature: Much of the information comes from posts on X or reports from Russian media, which might serve political or propaganda purposes. The lack of concrete evidence and the presence of denials from HTS make this connection speculative rather than definitively established. In summary, while there are allegations and some evidence of contact or cooperation between Ukrainian intelligence and HTS, the extent and nature of this relationship remain unclear and contested. The narrative is influenced by the geopolitical tensions between Russia, Ukraine, and their respective allies or adversaries.",73.4,18,0,1
"Time to ensure that killings in #Gaza, stop and no outside wars are supported. Shouldn't US get rid of these traps and misuse of its power and resources, in conflicts. 

Palestine situation needs immediate redressal. Electorate shifted position due to atrocities in Gaza. Now, need to honour the promise and save innocent lives.  ",46.25,19,1,0
"Honorable President Trump, please do something for saving Hindus in Bangladesh. Islamists under the leadership of Muhammad Yunus, an ally of Obama, Clintons and Soros is turning the country into a burning inferno for Hindus. Meanwhile, Pakistan is sending weapons and drugs to Bangladesh which will totally destabilize the entire nation and the world.",10.5,20,0,1
"President Trump is absolutely right: Syria is not our fight. The opposition's offensive may be a game-changer, but it's clear we have no place in this conflict. We've already seen what happens when the U.S. gets entangled in endless warsâ€”lives lost, trillions spent, and no clear benefit. Russia and Assad are being pushed out, and while the region is a mess, itâ€™s their mess to clean up. No more American lives or dollars should be wasted in Syria. Let it play out. This is a time for restraint and focus on our priorities. We stand with our President. What do you think? Should the U.S. stay out of Syria? Letâ€™s discuss. #AmericaFirst #NoMoreWars""",50.4,21,0,0
"Mr. President, the Turkish Erdogan regime is exploiting the chaos and power vacuum in Syria to attack Kurdish and locally controlled areas in northern Syria using jihadist mercenaries from the so-called SNA (mostly former ISIS fighters). Stand by your Kurdish allies, the SDF! Now more than ever, the SDF urgently needs increased international support",20.0,22,1,0
I guess thatâ€™s the problem when one starts spending everyone starts over spending and then once the lights come on in the music stops everybodyâ€™s like damn how much did we spend and how much is the debt? Maybe we got carried away with a few things we shouldnâ€™t have have you seenthe daily wires new comedy? With Matt Walsh,0.25,23,0,0
"What do you have to say about the illegal immigrant burning the woman to death on the subway? 

You had a lot of hateful things to say about the hero Daniel Perry. 

So, what now, crickets? Because no one white was involved? (that we know of - the poor woman has still not been identified).",17.25,24,1,0
"Democrats are only worried about what a billionaire named @elonmusk
 thinks because: 

1) He is enabling free speech (a constitutional right, whaaat?) and has been reforming one of the largest censorship weapons. 

2) Out of all the MANY SUPER WEALTHY people the democrats have deployed in an attempt to leverage influence, they have been impotent and ineffective.   Modern progressive democrat influencers are elitist, conform to and parrot preset narratives in exchange for monetary compensation.  They are out of touch and literally unlikeable.  We like Elon (but still view him with healthy skepticism).  Bare minimum, we respect him for supporting saving humanity and being an innovator.   Democrats fear his likability and the fact that he DGAF what anyone thinks.

3) Citizens actually are paying attention, we are intelligent enough to form our own opinions and can see what a shitty job you all do running the country.  We watch you get rich on a salary that should not make you rich.  We see your complete contempt for the people, and how you think we must be so stupid that we need someone like Elon to think for us.  But if we needed someone to think for us, your influencers would be effective.  But theyâ€™re not.  ",0.2,25,1,0
"This lady is so full of crap, attacking certain billionaires is just a massive con job. 

She had no problem when the Biden Administration approved a deal for George Soros to purchase 200 radio stations to shape American Politics. 

She has no problem when Washington Post owned by Jeff Bezos peddles propaganda about President Trump. 

She had no problem when very powerful foreign billionaires funded Kamala Harris. 

The only person pushing propaganda is @AOC
, the people rose up and stopped a disastrous CR of 1547 pages of tyranny. 

@elonmusk
 is just the talking point for Democrats.",0.2,26,0,0
"AOC, maybe instead of worrying about billionaires, you should focus on cleaning up the mess your own partyâ€™s made. If you really cared about campaign finance reform, youâ€™d be more focused on the corporate money and PACs that flood the political system, not crying about Muskâ€™s influence. News flash: the problem isnâ€™t billionaires, itâ€™s the corrupt system that lets anyone with money manipulate the system.",1.75,27,0,0
" @BoomerHitsDiff
   The American people don't believe they have been taken from within. They have blinders on because we have been a free with a democracy nation for a long time. We have been taken over by a wealthy man that ran over Trump.  The democracy of America is no more!",0.0,28,0,0
"ICE is taking action to protect American communities from dangerous criminals, targeting illegal immigrants convicted of heinous crimes like armed robbery and child exploitation. Under Trump, theyâ€™re finally free to make collateral arrests and keep us safe. #SecureTheBorder #LawAndOrder",100.0,40,0,1
"Egg prices are soaring, and it's working families who are paying the price. Bird flu is devastating farms, but letâ€™s not ignore how corporate greed and broken supply chains make things worse. $7+ for a dozen eggs? Time to prioritize sustainable farming and fair pricing. ğŸ¥šğŸ’¸ #FoodJustice #FairEconomy",100.0,41,0,1
" President Trump is putting America First once again:
âœ… Rolling back woke DEI initiatives in the military
âœ… Standing up for truth and readiness with a future transgender troop ban
âœ… Reinstating troops unfairly dismissed over COVID vaccine mandates
âœ… Developing a â€˜Space Iron Domeâ€™ for ultimate missile defense

Bold leadership is back. ğŸ‡ºğŸ‡¸ #MAGA #AmericaFirst #Trump2025",100.0,42,0,1
"Democrats are screaming 'healthcare sabotage,' but letâ€™s look at the facts: Medicaid payments are still being processed despite the portal outage. Typical fear-mongering to distract from the real issueâ€”accountability in federal funding. #Medicaid #Accountability #FakeOutrage",100.0,43,1,0
"Millions of Americans rely on Medicaid â€“ 41% of all births in the U.S. are covered by it. Now Trump & Republicans are jeopardizing healthcare access with reckless grant freezes & system outages. This is sabotage, plain and simple. Lives are on the line. #Medicaid #HealthcareForAll",100.0,44,1,1
"ğŸš¨ Once again, Chemours is poisoning the Ohio River with toxic ""forever chemicals"" at their West Virginia plant! The fight for justice has been going on for 25 years, but this company keeps polluting while regulators do nothing. When will they be held accountable? #Pollution #PFAS #WestVirginia #CleanWater ğŸ›‘",100.0,45,0,2
Ultimately every Trump cabinet nominee will be confirmed . The  hearings are just a BIG SHOW to make it  appear the senate is seriously considering not confirming. In the end the hearings senate will capitulate to the demands of Trump because they have no back bone.,0.0,46,0,0
"Bernie Sanders, along with every other Democrat member, and a few Republican members (RINOâ€™s) of the Senate, are absolutely corrupt, compromised, and owned by corporations and special interests and they all need to be investigated, indicted and replaced with people who will represent us, the American people, and our interests and demands.",0.5,47,0,0
The effects of collective brainwash of the human race across the globe must be assessed. People's minds have been controlled by elite since the dawn of civilisation. Citizen journalism must evolve as the antidote to this unjustice. #politics #journalism #people #democracy #rights,7.25,48,0,0
